ball,bowler_batsman,result,commentary,length,line
75.5,"Siraj to Hazlewood, OUT",W,"taken at third man...Siraj has his five! Short of a length, Hazlewood went for the ramp and sent it straight to the field. Thakur, who also had four wickets to his name, helps his fellow fast bowler complete the haul",Good,Unknown
75.4,"Siraj to Hazlewood, FOUR runs",4,"cracked away! Leave it to Hazlewood. A length ball outside off, steps to leg and frees his arm through a meaty drive wide of mid-off",Good,Outside Off
75.3,"Siraj to Cummins, 1 run",1,"short of a length, played square into the off side, they want a second to deep cover but then decide against it and Cummins is nearly run out",Good,Outside Off
75.2,"Siraj to Cummins, no run",â€¢,"angled in at leg stump, takes a thick edge and is cut off by Rohit diving at first slip",Unknown,Outside Off
75.1,"Siraj to Cummins, no run",â€¢,heaves a length ball out to deep square leg...and again they don't run,Good,Leg Stump
74.6,"Thakur to Hazlewood, no run",â€¢,"low full toss at off stump, aiming for the yorker, driven to mid-off and Cummins sends Hazlewood back",Yorker,Off Stump
74.5,"Thakur to Hazlewood, no run",â€¢,"short outside off, Hazlewood attempts a square cut and is beaten",Short,Outside Off
74.4,"Thakur to Cummins, 1 run",1,"full outside off, a slower ball, Cummins is just able to reach it as he gives himself room and lobs it down the ground",Full,Outside Off
74.4,"Thakur to Cummins, 1 wide",1w,"short and straight, called wide",Short,Outside Off
74.3,"Thakur to Cummins, no run",â€¢,"short of a length, straight, pushed into the off side",Good,Off Stump
74.2,"Thakur to Hazlewood, 1 run",1,"short of a length, upper cuts this over gully and wide of third man",Good,Outside Off
74.1,"Thakur to Hazlewood, no run",â€¢,over the top edge as he moves to leg and aims to ramp it,Unknown,Leg Stump
73.6,"Siraj to Cummins, no run",â€¢,"back of a length at the stumps, played to the bowler...Hazlewood a long way down and Siraj regrets not throwing at the stumps",Good,Unknown
73.5,"Siraj to Cummins, no run",â€¢,"short of a length, down the leg side, not too far from the gloves as Cummins tries to pull",Good,Leg Stump
73.4,"Siraj to Cummins, 2 runs",2,"hammered down the ground, mid-off is just able to get a hand on it",Unknown,Off Stump
73.3,"Siraj to Cummins, no run",â€¢,"angled in at leg stump, defended as he moves outside leg",Unknown,Leg Stump
73.2,"Siraj to Cummins, SIX runs",6,"gives himself room against a length delivery, a slower delivery, swings through the line and it has the legs to clear long-on",Good,Leg Stump
73.1,"Siraj to Cummins, no run",â€¢,"full at leg stump, driven firmly back at the bowler",Full,Leg Stump
72.6,"Thakur to Hazlewood, no run",â€¢,defends a length delivery,Good,Unknown
72.5,"Thakur to Hazlewood, FOUR runs",4,"through the off side! Full, very wide, Hazlewood reaches out, can barely get to the ball, and slots away the cover drive",Full,Outside Off
72.4,"Thakur to Hazlewood, no run",â€¢,"touch shorter, popped in the air to the on side",Short,Unknown
72.3,"Thakur to Hazlewood, no run",â€¢,"full at the stumps, pushed to mid-on",Full,Unknown
72.2,"Thakur to Hazlewood, no run",â€¢,"back of a length at middle and leg, takes a thick outside edge along the ground to gully",Good,Outside Off
72.1,"Thakur to Lyon, OUT",W,"flayed to cover...short of a length outside off, Lyon tries to drive off the back foot and can't keep it down",Good,Outside Off
71.6,"Siraj to Cummins, no run",â€¢,"back of a length, straight, Cummins misses his heave to leg and is nearly bowled. Signs from Australia?",Good,Leg Stump
71.5,"Siraj to Cummins, no run",â€¢,"full and straight, gives himself some room and heaves to mid-on",Full,Unknown
71.4,"Siraj to Lyon, 1 run",1,"goes for the yorker, it's a low full toss that swings in, takes a thick inside edge to deep square",Yorker,Unknown
71.3,"Siraj to Lyon, SIX runs",6,"short, hooked and all the way! At the body, gets just inside it and helps it over fine leg...maybe more top edge than middle",Short,Middle Stump
71.2,"Siraj to Cummins, 1 run",1,"back of a length and angling in, swung to deep square...Australia's lead goes to 300",Good,Unknown
71.1,"Siraj to Cummins, no run",â€¢,"full at off stump, driven and can't beat mid-off",Full,Off Stump
70.6,"Thakur to Lyon, no run",â€¢,"full at the stumps, 134kph, driven to mid-off",Full,Off Stump
70.5,"Thakur to Lyon, no run",â€¢,"back of a length, wide outside off, Lyon wafts at it",Good,Outside Off
70.4,"Thakur to Cummins, 3 runs",3,"short again, pulled strongly through midwicket",Short,Unknown
70.4,"Thakur to Cummins, (no ball)",1nb,"short and wide, through to the keeper...called wide again. Actually a no-ball for three short balls in a row",Short,Outside Off
70.3,"Thakur to Cummins, no run",â€¢,"goes after this short one, flies over the top edge of an attempted pull",Short,Unknown
70.2,"Thakur to Cummins, no run",â€¢,ducks underneath another shot one,Short,Unknown
70.1,"Thakur to Lyon, 1 run",1,"short of a length, a nice swivel pull to deep square",Good,Unknown
69.6,"Siraj to Cummins, no run",â€¢,"angled in at middle and leg, defended",Unknown,Middle Stump
69.6,"Siraj to Cummins, 1 wide",1w,"another bouncer, well over Cummins...late call of wide, in fact",Short,Outside Off
69.5,"Siraj to Cummins, no run",â€¢,a short ball which he sways out of the way of,Short,Unknown
69.4,"Siraj to Lyon, 1 run",1,nice flick of the wrists sends this behind square from around off stump,Unknown,Off Stump
69.3,"Siraj to Cummins, 1 run",1,"short of a length, pulled through square leg",Good,Leg Stump
69.2,"Siraj to Cummins, FOUR runs",4,"this comes back miles! Short of a length, cuts Cummins in half, takes the inside edge past the stumps and wide of Pant. Hit the crack. An offbreak at 135kph",Good,Outside Off
69.1,"Siraj to Cummins, no run",â€¢,"full at middle, 134kph, defended",Full,Middle Stump
68.6,"Thakur to Cummins, 1 run",1,"short again, angling into the hip, pulled around the corner",Short,Unknown
68.5,"Thakur to Cummins, no run",â€¢,"short of a length, pulled to mid-on",Good,Unknown
68.4,"Thakur to Cummins, 2 runs",2,"back of a length outside off, steered through point with an open face, there is a sweeper out",Good,Outside Off
68.3,"Thakur to Cummins, no run",â€¢,"nips back into Cummins, defended",Unknown,Unknown
68.2,"Thakur to Lyon, 1 run",1,"fuller at the stumps, tucked just wide of mid-on",Full,Outside Off
68.1,"Thakur to Lyon, no run",â€¢,"back of a length at off stump, defended",Good,Off Stump
67.6,"Siraj to Cummins, no run",â€¢,"edged, but doesn't carry to second slip...back of a length angling to Cummins, it went down off the edge",Good,Outside Off
67.5,"Siraj to Cummins, no run",â€¢,"back of a length outside off, forced off the back foot and gully makes a good save",Good,Outside Off
67.4,"Siraj to Lyon, 3 runs",3,"there's the Lyon on-drive again! Lovely stroke, eases forward to a full delivery outside off...not quite the legs for a boundary this time",Full,Outside Off
67.3,"Siraj to Starc, OUT",W,"taken at mid-off! Full on off stump, Starc goes in the air but doesn't get enough on it and that's a simple catch above the head",Full,Off Stump
67.2,"Siraj to Starc, no run",â€¢,a swing and a miss at a length ball angled across,Good,Unknown
67.1,"Siraj to Starc, no run",â€¢,"short of a length, defended on the back foot",Good,Unknown
66.6,"Thakur to Cummins, no run",â€¢,"short again, angles down the leg side and Cummins gets inside the line",Short,Leg Stump
66.5,"Thakur to Cummins, no run",â€¢,"he's struck by this short one! Didn't bounce as much as he expected, tried to go underneath and it takes him on the back of the helmet. So he'll need to be checked",Short,Unknown
66.4,"Thakur to Cummins, FOUR runs",4,"short and wide, he throws his hands and it and the top edge flies over the slips to third man",Short,Outside Off
66.3,"Thakur to Cummins, no run",â€¢,short of a length and down the leg side,Good,Leg Stump
66.2,"Thakur to Cummins, no run",â€¢,"starts with a short ball, he ducks underneath",Short,Unknown
66.1,"Thakur to Starc, 1 run",1,"short of a length on leg stump, clipped towards fine leg",Good,Leg Stump
65.6,"Natarajan to Cummins, no run",â€¢,"good length and just outside off, has a stab at that from the crease and is beaten",Good,Outside Off
65.5,"Natarajan to Cummins, no run",â€¢,"good length on off stump, blocked on the front foot",Good,Off Stump
65.4,"Natarajan to Cummins, no run",â€¢,"full and into the corridor, driven on the up to mid-off",Full,Outside Off
65.3,"Natarajan to Cummins, no run",â€¢,"length and wide outside off, left alone",Good,Outside Off
65.2,"Natarajan to Cummins, no run",â€¢,"good length and into leg stump, pushed to midwicket",Good,Leg Stump
65.1,"Natarajan to Cummins, no run",â€¢,"falls short of first slip. Reaches out on the front foot outside off, the edge dies on the fielder",Short,Outside Off
64.6,"Thakur to Paine, OUT",W,given out caught behind. Short ball climbing steeply outside off. Paine brings out the pull but that's caught the top edge and Pant has done well to leap and hold on to this one,Short,Outside Off
64.5,"Thakur to Paine, no run",â€¢,"good length at middle stump, defended solidly on the front foot",Good,Middle Stump
64.4,"Thakur to Paine, no run",â€¢,"short of a length and curving away from off stump, defended into the off side. Got squared up there",Good,Off Stump
64.3,"Thakur to Paine, 2 runs",2,"short and wide outside off, goes too hard on the cut. Miscues it as a result but that gets him two to cover's left",Good,Outside Off
64.2,"Thakur to Paine, no run",â€¢,"short of a length and wide outside off, left alone",Good,Outside Off
64.1,"Thakur to Paine, no run",â€¢,kicks up from short of a length again. Just outside off as he looks to steer this behind gully. Gets the on the glove,Good,Outside Off
63.6,"Sundar to Paine, 1 run",1,"short and turning into the body, jumps into the leg side and cuts to sweeper point",Short,Outside Off
63.5,"Sundar to Paine, no run",â€¢,short of a length and into the body as he looks to play the glance,Good,Unknown
63.4,"Sundar to Paine, no run",â€¢,"good length and down leg side, left alone with a late attempt at a backheel with his right leg",Good,Leg Stump
63.3,"Sundar to Paine, FOUR runs",4,"reverse sweep in front of point. Good length and at leg stump, reaches out with the same grip and isn't quite low enough, but watches it nicely to whip that away",Good,Outside Off
63.2,"Sundar to Paine, FOUR runs",4,good length and spinning down from middle stump. Gets forward with soft hands and tickles this fine,Good,Middle Stump
63.1,"Sundar to Paine, no run",â€¢,"good length and turning in from outside off, gets forward for the block and is struck on the pad outside off",Good,Outside Off
62.6,"Thakur to Cummins, no run",â€¢,"short and down leg side, can't get bat on the attempted pull",Short,Leg Stump
62.5,"Thakur to Cummins, no run",â€¢,"yorker at leg stump, hurriedly dug out towards mid-on",Yorker,Leg Stump
62.4,"Thakur to Cummins, no run",â€¢,"length and wide outside off, left alone",Good,Outside Off
62.3,"Thakur to Cummins, no run",â€¢,"length and wide outside off, left alone",Good,Outside Off
62.2,"Thakur to Paine, 1 run",1,"short of a length outside off, punched into the covers off the back foot",Good,Outside Off
62.1,"Thakur to Paine, no run",â€¢,"length outside off, leans in for the drive into the covers",Good,Outside Off
61.6,"Sundar to Cummins, no run",â€¢,"and this one goes away. Cummins stuck on the back foot playing for the one that comes in, but this is an arm ball beating his outside edge",Unknown,Unknown
61.5,"Sundar to Cummins, no run",â€¢,"short of a length and turning in from middle stump. Cummins shaping for the back foot punch, cops that on the thigh",Good,Middle Stump
61.4,"Sundar to Cummins, no run",â€¢,"length and outside leg stump, pads it past leg slip",Good,Outside Off
61.3,"Sundar to Cummins, 2 runs",2,"low full toss at leg stump, flicked out to deep square's left",Yorker,Leg Stump
61.2,"Sundar to Cummins, no run",â€¢,"full on off stump, driven to mid-off against the turn",Full,Off Stump
61.1,"Sundar to Paine, 1 run",1,"full on middle stump, pushed towards mid-on with the turn",Full,Middle Stump
60.6,"Thakur to Cummins, no run",â€¢,"full and just outside off, left alone",Full,Outside Off
60.5,"Thakur to Green, OUT",W,"another catch for Rohit. Must be his fourth of the match. (Edit:fifth) Short of a length and rising in the corridor. Green has a stab at that and gets a healthy edge that carries to second slip at hip height. That's the last of Green's batting in this series, and perhaps one of his hardest knocks too. It's been a good display at international level so far, but got stuck today",Good,Outside Off
60.4,"Thakur to Green, no run",â€¢,"good length on off stump, defended off the back foot",Good,Off Stump
60.3,"Thakur to Green, no run",â€¢,"short of a length in the corridor, defended off the back foot",Good,Outside Off
60.2,"Thakur to Paine, 1 run",1,"good length outside off, punched to extra cover's right",Good,Outside Off
60.1,"Thakur to Paine, no run",â€¢,"falls just short of midwicket. Full and into the pads. Paine eager on the flick, goes early and with hard hands. It dies on Gill who lunges forward",Full,Leg Stump
59.6,"Saini to Paine, 1 run",1,"short of a length and just outside off, cut to deep point",Good,Outside Off
59.5,"Saini to Paine, FOUR runs",4,"these are throwdowns at this point. Saini, nowhere near full fitness, is floating up driving balls at 130kph. Paine has this right under his eyes and gets the on-drive away",Full,Outside Off
59.4,"Saini to Green, 3 runs",3,"classy. Stands nice and tall and punches this on the rise, between non-striker and mid-on. Wasn't a full ball by any means, was up at about knee height and he drove on the rise",Full,Unknown
59.3,"Saini to Green, no run",â€¢,"good length in the corridor, shuffles and defends down the pitch",Good,Outside Off
59.2,"Saini to Paine, 1 run",1,"good length and into off stump, 129kph, shuffles and pushes to midwicket's right",Good,Off Stump
59.1,"Saini to Paine, no run",â€¢,"full and just outside off, driven along the ground to mid-off",Full,Outside Off
58.6,"Siraj to Green, no run",â€¢,"bouncer at an off stump line, ducks to leave",Short,Off Stump
58.5,"Siraj to Paine, 1 run",1,"good length at middle stump, pushed to mid-on's right with soft hands",Good,Middle Stump
58.4,"Siraj to Paine, no run",â€¢,"good length and wide outside off, left alone",Good,Outside Off
58.3,"Siraj to Paine, no run",â€¢,"short of a length outside off, left alone",Good,Outside Off
58.2,"Siraj to Paine, no run",â€¢,"short of a length outside off, cut into the covers",Good,Outside Off
58.1,"Siraj to Paine, no run",â€¢,short of a length and spitting up at an off stump line. Defended into the covers,Good,Outside Off
57.6,"Saini to Paine, 3 runs",3,full and floated in at off stump. Shuffles across off stump and drives this to mid-on's right. Sundar is beaten on the dive and then gives chase to pull it back,Full,Off Stump
57.5,"Saini to Paine, no run",â€¢,good length and catching him on the thigh guard as he looks to tickle this fine,Good,Leg Stump
57.4,"Saini to Paine, no run",â€¢,"good length and in at off stump, tentative with his defence down the pitch",Good,Off Stump
57.3,"Saini to Green, 1 run",1,"good length and just outside off, defended into the covers",Good,Outside Off
57.2,"Saini to Green, FOUR runs",4,"short and wide and right on top of that before he chops it to the point boundary. No venom in these deliveries from Saini, with his groin problem",Short,Outside Off
57.1,"Saini to Green, 2 runs",2,"full and slanted in at off stump, plants the front leg across and clips it to mid-on's right",Full,Off Stump
56.6,"Siraj to Green, 1 run",1,"full and just outside off, leans in for the drive but gets it off the toe-end. Extra cover slides to the right to parry it for mid-off. Been hard going for Green, the timing continues to desert him",Full,Outside Off
56.5,"Siraj to Green, no run",â€¢,"full and just outside off, driven firmly to mid-off",Full,Outside Off
56.4,"Siraj to Paine, 1 run",1,good length and sliding onto the pad. Flicked to fine leg with the angle,Good,Leg Stump
56.3,"Siraj to Paine, no run",â€¢,"full at middle stump, punched out to mid-on",Full,Middle Stump
56.2,"Siraj to Green, 1 run",1,"good length and into the corridor, dropped pitch side with soft hands",Good,Outside Off
56.1,"Siraj to Paine, 1 run",1,"good length and into the corridor, gets forward and pushes gingerly into the covers",Good,Outside Off
55.6,"Sundar to Green, FOUR runs",4,"another powerful sweep, gets it wide of the backward square...nice connection",Unknown,Outside Off
55.5,"Sundar to Green, no run",â€¢,uses his feet again then pushes back to the bowler,Unknown,Unknown
55.4,"Sundar to Green, no run",â€¢,"goes on with the air outside off, pushed square",Unknown,Outside Off
55.3,"Sundar to Paine, 1 run",1,"on the pads, flicked to deep square leg",Unknown,Leg Stump
55.2,"Sundar to Green, 1 run",1,"full at off stump, clips it straight of the midwickets down to long-on",Full,Off Stump
55.1,"Sundar to Green, no run",â€¢,uses his feet then defends,Unknown,Unknown
54.6,"Siraj to Paine, no run",â€¢,"full outside off, drives with the feet slightly stuck in the crease. Superb over",Full,Outside Off
54.5,"Siraj to Paine, no run",â€¢,"outside off, back of a length, Paine cautiously tries to get forward, bottom hand comes off the bat as he defends",Good,Outside Off
54.4,"Siraj to Paine, no run",â€¢,"and another! This leaps again from back of a length. Paine rips his bottom hand off the bat, this one loops into space.",Good,Off Stump
54.3,"Siraj to Paine, no run",â€¢,"full at off stump, out of the middle straightaway and pushed back down the pitch",Full,Off Stump
54.2,"Siraj to Smith, OUT",W,"this leaps, and is fended to gully! Hang on a moment, Smith thinks this may have hit the glove when it was off the bat handle and has called the review. It leapt off the pitch from back of a length...and, nope, the glove was certainly on the handle at point of impact. He could nothing about that, really, and it looped to Rahane. Australia's quicks won't mind seeing that",Good,Outside Off
54.1,"Siraj to Smith, no run",â€¢,"good length outside off, defended",Good,Outside Off
53.6,"Sundar to Green, FOUR runs",4,strong shot! Goes down on his back knee and sweeps this from around off stump through square leg. Green's first boundary,Unknown,Off Stump
53.5,"Sundar to Green, 2 runs",2,"starts to use his feet again, adjusts late and dabs this backward of point when the delivery is shorter",Short,Outside Off
53.4,"Sundar to Green, no run",â€¢,uses his feet and clips to one of the two short midwickets,Short,Unknown
53.3,"Sundar to Smith, 1 run",1,"outside leg stump, worked into short fine leg",Short,Leg Stump
53.2,"Sundar to Smith, FOUR runs",4,"full outside off, brings a drive from Smith, flies off a thick outside down to third man...nicely bowled",Full,Outside Off
53.1,"Sundar to Smith, no run",â€¢,defends a straight delivery to midwicket,Unknown,Unknown
52.6,"Siraj to Green, no run",â€¢,"back of a length outside off, this keeps a little low although Green was also playing on the back foot",Good,Outside Off
52.5,"Siraj to Green, no run",â€¢,"back of a length at off stump, defended to midwicket",Good,Off Stump
52.4,"Siraj to Green, no run",â€¢,"dropped! In his followthrough by Siraj. Drives at a length delivery, struck it quite nicely, went straight down the pitch and Siraj couldn't hold it to his right",Good,Unknown
52.3,"Siraj to Green, no run",â€¢,"full at off stump, drives and finds point",Full,Outside Off
52.2,"Siraj to Green, no run",â€¢,"well bowled, draws Green across the crease and beats the outside edge",Unknown,Unknown
52.1,"Siraj to Green, no run",â€¢,"short of a length outside off, defended on the back foot",Good,Outside Off
51.6,"Sundar to Smith, no run",â€¢,defended to the leg side,Unknown,Leg Stump
51.5,"Sundar to Smith, no run",â€¢,"short of a length, turned to short leg",Good,Leg Stump
51.4,"Sundar to Green, 1 run",1,driven towards mid-off who is deep enough to allow the single,Unknown,Off Stump
51.3,"Sundar to Smith, 1 run",1,worked off the pads backward of square and that's Smith's fifty from 67 balls,Unknown,Off Stump
51.2,"Sundar to Smith, no run",â€¢,"fuller, he comes forward and defends to short mid-on",Full,Unknown
51.1,"Sundar to Smith, no run",â€¢,tucked into midwicket,Unknown,Unknown
50.6,"Natarajan to Green, 2 leg byes",2lb,"angled into the pads, flicked away fine...no bat involved",Unknown,Leg Stump
50.5,"Natarajan to Green, no run",â€¢,"good length at off stump, played into midwicket",Good,Off Stump
50.4,"Natarajan to Green, no run",â€¢,"a short ball, Green gets inside the line and goes for a hook but doesn't make contact",Short,Unknown
50.3,"Natarajan to Green, no run",â€¢,"back of a length outside off, chopped into the pitch off the bottom edge",Good,Outside Off
50.2,"Natarajan to Green, no run",â€¢,"full at off stump, 132kph, defended",Full,Off Stump
50.1,"Natarajan to Smith, 3 runs",3,"back of a length, punched into the off side, gets it just wide of a diving mid-off",Good,Outside Off
49.6,"Sundar to Green, no run",â€¢,"back and across, defends, Green continues his cautious approach",Unknown,Unknown
49.5,"Sundar to Green, no run",â€¢,uses his feet then pushes to the off side,Unknown,Off Stump
49.4,"Sundar to Green, no run",â€¢,flicked into midwicket,Unknown,Unknown
49.3,"Sundar to Green, no run",â€¢,defended on the back foot,Unknown,Unknown
49.2,"Sundar to Smith, 1 bye",1b,paddled down to fine leg,Unknown,Leg Stump
49.1,"Sundar to Smith, FOUR runs",4,"dropped! At long-on by Siraj. Smith coming down the track, wasn't to the pitch, tried to go straight down the ground...Siraj came in first and had come in too far. Palms it for four. That could be costly",Good,Unknown
48.6,"Natarajan to Green, no run",â€¢,"angling into the pads, flicked to square leg, can't beat a well-packed field. A maiden.",Unknown,Leg Stump
48.5,"Natarajan to Green, no run",â€¢,"short of a length, nips back again, Green takes one in a delicate spot",Good,Unknown
48.4,"Natarajan to Green, no run",â€¢,"strangled appeal for lbw...going down or did he hit it? Angling from round the wicket, does have to do a bit to get that lbw",Unknown,Unknown
48.3,"Natarajan to Green, no run",â€¢,"and this one nips back, bounces a touch more, Green trying to get well forward",Unknown,Unknown
48.2,"Natarajan to Green, no run",â€¢,"ooh, this scuttles through...short of a length outside off, keeps very low and just beats off stump. Must have hit a crack",Good,Outside Off
48.1,"Natarajan to Green, no run",â€¢,"back of a length from round the wicket, defended",Good,Unknown
47.6,"Sundar to Smith, FOUR runs",4,great shot! That's a gem. Skips down the pitch and dills a drive wide of mid-off,Unknown,Outside Off
47.5,"Sundar to Green, 1 run",1,works a straight delivery into square leg,Unknown,Leg Stump
47.4,"Sundar to Green, 2 runs",2,"flicks through midwicket this time, wide enough of long-on for the second...Australia's lead beyond 200",Good,Outside Off
47.3,"Sundar to Green, no run",â€¢,"starts to use his feet, this is fired outside leg and he almost struggles to reach it",Unknown,Leg Stump
47.2,"Sundar to Green, no run",â€¢,pushes this down the leg side,Unknown,Leg Stump
47.1,"Sundar to Green, no run",â€¢,"uses his feet, misses his flick to leg but that's going down leg",Unknown,Leg Stump
46.6,"Natarajan to Smith, no run",â€¢,"full at off stump, driven to mid-off as he loses his shape a bit",Full,Off Stump
46.5,"Natarajan to Smith, no run",â€¢,"back of a length, Smith across outside off and defends",Good,Outside Off
46.4,"Natarajan to Green, 3 runs",3,"gets that stride forward again, drives with an open face and the ball runs backward of point",Unknown,Outside Off
46.3,"Natarajan to Smith, 1 run",1,pushed away from full at off stump into the covers,Full,Outside Off
46.2,"Natarajan to Smith, no run",â€¢,"full outside off, tapped square into the covers",Full,Outside Off
46.1,"Natarajan to Green, 1 run",1,gets a good stride forward and drives wide of mid-off,Unknown,Outside Off
45.6,"Thakur to Green, 1 run",1,"short of a length, worked in front of mid-on",Good,Unknown
45.5,"Thakur to Green, no run",â€¢,"full at off stump, played back down the pitch, Thakur slips in his followthrough",Full,Outside Off
45.4,"Thakur to Green, no run",â€¢,"full at middle and off, defended",Full,Off Stump
45.3,"Thakur to Smith, 1 run",1,"back on a full length at the stumps, nudged into midwicket",Full,Unknown
45.2,"Thakur to Smith, FOUR runs",4,"there's the first real sign of aggression since the break, short outside off, Smith pulls it in the air well in front of square",Short,Outside Off
45.1,"Thakur to Green, 1 run",1,"back of a length, pushed into a gap at midwicket",Good,Unknown
44.6,"Natarajan to Smith, no run",â€¢,"full at the stumps, flicked around the corner and Rohit makes a good diving save at leg gully",Full,Outside Off
44.5,"Natarajan to Smith, no run",â€¢,"full at off stump, played back down the pitch",Full,Off Stump
44.4,"Natarajan to Smith, no run",â€¢,"into middle and leg, worked off the pads to square leg",Unknown,Off Stump
44.3,"Natarajan to Smith, no run",â€¢,"full at off stump, looked like a bit of cutter, defended",Full,Off Stump
44.2,"Natarajan to Smith, no run",â€¢,"full at the stumps, 131kph, played to midwicket",Full,Unknown
44.2,"Natarajan to Smith, (no ball)",1nb,works a straight delivery to midwicket,Unknown,Unknown
44.1,"Natarajan to Smith, no run",â€¢,"full outside off, leans back and drives square to point",Full,Outside Off
43.6,"Thakur to Green, no run",â€¢,"beats the edge, feeling for this away from his body, still a touch of movement for Thakur. Quiet start since lunch",Unknown,Unknown
43.5,"Thakur to Green, no run",â€¢,"short of a length outside off, driven sweetly but straight to cover",Good,Outside Off
43.4,"Thakur to Green, no run",â€¢,punched off the back foot to the bowler,Unknown,Off Stump
43.3,"Thakur to Smith, 1 run",1,"short outside off, drives square to deep point",Short,Outside Off
43.2,"Thakur to Smith, no run",â€¢,"short of a length, touch wider, defended to cover",Good,Outside Off
43.1,"Thakur to Smith, no run",â€¢,"good length at off stump, defended to midwicket",Good,Off Stump
42.6,"Natarajan to Smith, 1 run",1,"full and straight, tucked around the corner down to fine leg",Full,Leg Stump
42.5,"Natarajan to Smith, no run",â€¢,"full at off stump, the bat faces closes and he squeezes to midwicket",Full,Off Stump
42.4,"Natarajan to Smith, no run",â€¢,"down the leg side again, Smith gets inside the line and leaves alone",Unknown,Leg Stump
42.3,"Natarajan to Smith, no run",â€¢,angles this down the leg side,Unknown,Leg Stump
42.2,"Natarajan to Smith, no run",â€¢,"length ball, worked from around off stump into midwicket",Good,Off Stump
42.1,"Natarajan to Smith, 2 runs",2,"round the wicket, on the stumps, worked off the pads to long and he races back for the second. Has to get the dive out",Unknown,Off Stump
41.6,"Thakur to Green, no run",â€¢,"wider, through to the keeper. A maiden to start the afternoon",Unknown,Outside Off
41.5,"Thakur to Green, no run",â€¢,"full outside off, nice line, in the channel outside off and left alone",Full,Outside Off
41.4,"Thakur to Green, no run",â€¢,"fuller at the stumps, a firm on-drive to mid-on",Full,Unknown
41.3,"Thakur to Green, no run",â€¢,"outside off, a more comfortable leave",Unknown,Outside Off
41.2,"Thakur to Green, no run",â€¢,"short of a length, on his toes and defends",Good,Unknown
41.1,"Thakur to Green, no run",â€¢,"tight leave! On off stump, nips back, carries just over the timber. He trusts the bounce",Unknown,Off Stump
40.6,"Natarajan to Smith, no run",â€¢,"short of a length and wide outisde off, cut to backward point off the under-edge",Good,Outside Off
40.5,"Natarajan to Smith, no run",â€¢,"good length in the corridor, defended down the pitch",Good,Outside Off
40.4,"Natarajan to Smith, no run",â€¢,,,
40.3,"Natarajan to Smith, FOUR runs",4,"uff, perhaps only Smith could have conceived this. Short of a length and very tight in the corridor. He shuffles and it's into his mid-riff. He gets an awkwardly angled bat and a short-arm pull, through midwicket",Good,Outside Off
40.2,"Natarajan to Green, 1 run",1,"good length at off stump, defended with the angle to mid-on",Good,Off Stump
40.1,"Natarajan to Green, no run",â€¢,"good length and a bit too wide to make him play, left alone",Good,Outside Off
39.6,"Saini to Smith, no run",â€¢,"good length at off stump, solidly defended on the front foot",Good,Off Stump
39.5,"Saini to Smith, no run",â€¢,"lbw appeal turned down as Smith shoulders arms and is struck outside off. Wasn't offering a shot so the appeal was on, but Saini hadn't brought that back in enough. Looked high as well",Unknown,Outside Off
39.4,"Saini to Smith, no run",â€¢,"short of a length outside off, straightening. Left alone",Good,Outside Off
39.3,"Saini to Smith, FOUR runs",4,"swished fine. Short, 129kph, and into his hips. Swivels rapidly and gets this pull down to the fine leg boundary",Short,Leg Stump
39.2,"Saini to Smith, no run",â€¢,"good length outside off, 130kph, left alone",Good,Outside Off
39.1,"Saini to Smith, no run",â€¢,"full and into the corridor, defended down the pitch",Full,Outside Off
39.1,"Saini to Smith, (no ball) 2 runs",3nb,"full at off stump, 132kph, shuffles and flicks it wide of mid-on. He's overstepped",Full,Outside Off
38.6,"Natarajan to Green, no run",â€¢,"short of a length and into the corridor, inside edge onto boot as he looks to defend",Good,Outside Off
38.5,"Natarajan to Green, no run",â€¢,good length and jumping in at him as he looks to force this into the leg side with the angle,Good,Leg Stump
38.4,"Natarajan to Green, no run",â€¢,"good length and in at the stumps, defended to mid-on",Good,Unknown
38.3,"Natarajan to Green, no run",â€¢,"big appeal for lbw but Green is struck outside off. Or so I thought. India have taken the review. It's a length ball curving in from wide of the crease. Green has walked a long way down the pitch for the flick. Struck on the knee roll and third umpire has ascertained there's no bat on it. It's umpire's call on impact, and the ball is missing the wickets. India lose the review",Good,Outside Off
38.2,"Natarajan to Green, no run",â€¢,"good length and down leg side, walks down at it and is too far away for the flick",Good,Leg Stump
38.1,"Natarajan to Green, no run",â€¢,"good length and cutting away from outside off, left alone",Good,Outside Off
37.6,"Saini to Green, 1 run",1,"good length and into off stump, nudged to mid-on's right with the angle",Good,Off Stump
37.5,"Saini to Green, no run",â€¢,"good length and just outside off, defended to gully's right off the outside half",Good,Outside Off
37.4,"Saini to Smith, 1 run",1,"full and into off stump, shuffles and tucks this wide of mid-on",Full,Outside Off
37.3,"Saini to Smith, no run",â€¢,"good length on off stump, defended into the covers",Good,Outside Off
37.2,"Saini to Smith, no run",â€¢,"beaten on the outside edge. 127kph, good length and landing on the crack. Cuts away a long way",Good,Unknown
37.1,"Saini to Smith, FOUR runs",4,"short and wide outside off, gets tight on him with the angle but he slashes this over the slip cordon",Short,Outside Off
36.6,"Siraj to Green, no run",â€¢,"length at middle stump, pushed into the leg side with the angle",Good,Middle Stump
36.5,"Siraj to Green, no run",â€¢,"good length in the corridor, blocked on the front foot",Good,Outside Off
36.4,"Siraj to Green, no run",â€¢,"good length on off stump, defended on the front foot",Good,Off Stump
36.3,"Siraj to Smith, 1 run",1,"short of a length and middle, looks to pull and gets a deflection off the thigh to fine leg's right",Good,Off Stump
36.2,"Siraj to Smith, no run",â€¢,"good length, 141.6kph and keeping a touch low at off stump. Defended towards mid-on",Good,Off Stump
36.1,"Siraj to Smith, no run",â€¢,"good length and wide outside off, 140kph and with some lift. Left alone",Good,Outside Off
35.6,"Saini to Green, no run",â€¢,"short of a length just outside off, 126kph, hurriedly patted towards cover",Good,Outside Off
35.5,"Saini to Green, no run",â€¢,"good length and wide outisde off, left alone",Good,Outside Off
35.4,"Saini to Green, no run",â€¢,"full at off stump, 132kph, driven to mid-off on the front foot",Full,Off Stump
35.3,"Saini to Green, no run",â€¢,"good length, from wide of the crease at 129kph, in at off stump. Defended into the covers",Good,Outside Off
35.2,"Saini to Green, no run",â€¢,good length and just outside off. Defended to gully off the outside half,Good,Outside Off
35.1,"Saini to Green, no run",â€¢,"good length and into off stump, blocked on the front foot",Good,Off Stump
34.6,"Siraj to Smith, no run",â€¢,"good length on off stump, defended off the back foot",Good,Off Stump
34.5,"Siraj to Smith, no run",â€¢,"length on off stump, shuffles and flicks to midwicket",Good,Off Stump
34.4,"Siraj to Smith, no run",â€¢,"short of a length just outside off, punched to cover off the back foot",Good,Outside Off
34.3,"Siraj to Smith, no run",â€¢,"short of a length and just outside off, punched into the covers from deep in the crease",Good,Outside Off
34.2,"Siraj to Smith, no run",â€¢,short of a length and cramped on an off stump line as he looks to pull behind square. Cops that on the box,Good,Off Stump
34.1,"Siraj to Smith, no run",â€¢,"good length and angled into the corridor, defended off the back foot",Good,Outside Off
33.6,"Sundar to Smith, 1 run",1,"good length on leg stump, flicked into the leg side with the turn",Good,Leg Stump
33.5,"Sundar to Green, 1 run",1,"good length at off stump, steps out and jabs to mid-off's right",Good,Off Stump
33.4,"Sundar to Smith, 1 run",1,"length and down leg side, deep in the crease to dab this to fine leg",Good,Leg Stump
33.3,"Sundar to Smith, no run",â€¢,"full on off stump, Smith eager for the drive through cover, gets a thick outside edge to backward point",Full,Outside Off
33.2,"Sundar to Smith, no run",â€¢,full on leg stump and swept viciously into Mayank Agarwal's left shin at short leg. He does have padding there but that's got him on the floor and requiring assistance,Full,Leg Stump
33.1,"Sundar to Smith, no run",â€¢,"good length at middle stump, steps out and punches towards the non-striker",Good,Middle Stump
32.6,"Siraj to Green, no run",â€¢,"good length on off stump, solidly defended on the front foot",Good,Off Stump
32.5,"Siraj to Green, no run",â€¢,"short of a length at leg stump, pushed to midwicket off the back foot",Good,Off Stump
32.4,"Siraj to Green, no run",â€¢,"good length and angled into the corridor, left alone",Good,Outside Off
32.3,"Siraj to Green, no run",â€¢,"good length outside off, left alone",Good,Outside Off
32.2,"Siraj to Green, no run",â€¢,"short of a length outside off, left alone",Good,Outside Off
32.1,"Siraj to Smith, 1 run",1,"good length and into the corridor. Gets behind the line to defend, thick outside edge to deep point",Good,Outside Off
31.6,"Sundar to Smith, 1 run",1,"short of a length and turning into off stump, backs away and punches to mid-off's left",Good,Off Stump
31.5,"Sundar to Green, 1 run",1,"length at middle stump, steps out and punches to mid-on",Good,Middle Stump
31.4,"Sundar to Green, no run",â€¢,"length at the stumps, pushed into the leg side off the front foot",Good,Off Stump
31.3,"Sundar to Green, no run",â€¢,"major mix-up but Green survives. Got a leading edge into the covers trying to punch this down to long.on. Took off for a run, almost instinctively. It was right by Sundar who couldn't get a throw away quickly enough because he was off balance",Good,Outside Off
31.2,"Sundar to Smith, 1 run",1,"good length at middle stump, steps out and jams it down towards to long-on",Good,Middle Stump
31.1,"Sundar to Smith, no run",â€¢,"good length and turning into off stump, defended down the pitch off the back foot",Good,Off Stump
30.6,"Siraj to Wade, OUT",W,"Wade's walking! Caught down leg side. A full ball on the pads. Looks to flick that away and seems to have found the inside edge. Pant lunges to his right to hold on. Not even the thought of a review there, Wade is straight off",Full,Off Stump
30.5,"Siraj to Wade, no run",â€¢,"short of a length at middle stump, defended off the back foot",Good,Off Stump
30.4,"Siraj to Wade, no run",â€¢,"good length at middle and leg, defended off the back foot",Good,Off Stump
30.3,"Siraj to Labuschagne, OUT",W,"taken at second slip this time! Siraj gets some extra bounce from a length and pins Marnus in the crease. He looks to defend this ball in the corridor, it gets big on him and straightens a touch. Straight into Rohit's pouch",Good,Outside Off
30.2,"Siraj to Labuschagne, FOUR runs",4,"expertly steered past second slip. Short of a length and just outside off, gets into a half crouch and uses his wrists to find the gap in the cordon",Good,Outside Off
30.1,"Siraj to Labuschagne, no run",â€¢,"short of a length just outside off, hurried cut into the covers",Good,Outside Off
29.6,"Sundar to Smith, no run",â€¢,"full at off stump, swept straight to square leg",Full,Off Stump
29.5,"Sundar to Labuschagne, 1 run",1,"good length at leg stump, gently pushed to backward square's left off the back foot",Good,Off Stump
29.4,"Sundar to Labuschagne, FOUR runs",4,"crunched over deep mid-on! Whew, what a player. Sundar pushed this through at a length and it slid on nicely for Marnus as he stepped out and slapped it on the rise",Good,Unknown
29.3,"Sundar to Labuschagne, 2 runs",2,short of a length and skidding on at off stump. But he makes room brilliantly and jabs it past slip with an open face,Good,Outside Off
29.2,"Sundar to Labuschagne, no run",â€¢,"good length at middle stump, defended off the back foot",Good,Off Stump
29.1,"Sundar to Smith, 1 run",1,"good length and dipping at middle and leg. Reaches out and jabs at it with hard hands, to mid-on",Good,Outside Off
28.6,"Thakur to Labuschagne, FOUR runs",4,low full toss down leg side and he gets inside the line to tickle that past Pant,Yorker,Leg Stump
28.5,"Thakur to Labuschagne, no run",â€¢,good length and some shape away in the corridor. Defended off the back foot,Good,Outside Off
28.4,"Thakur to Labuschagne, FOUR runs",4,"sweetly punched. Length ball slanted into the stumps. Stands tall and drives on the up and between non-striker and mid-on. Saini gives chase, a laboured chase, and has his knuckles mere centimetres from the boundary rope as he pulls this back in. On close inspection, the third umpire has decided that he's touched it at the same time as the ball",Good,Unknown
28.3,"Thakur to Labuschagne, no run",â€¢,"short one, a bit too short at a leg stump line. Lets that go",Short,Leg Stump
28.2,"Thakur to Smith, 3 runs",3,"full and onto the pads, shuffles and flicks to fine leg's left. Then takes on Natarajan's throw and gets a third run there. Smith's out there with the IntentTM",Full,Leg Stump
28.1,"Thakur to Smith, no run",â€¢,good length and a bit of shape away in the corridor. Defended off the back foot,Good,Outside Off
27.6,"Sundar to Labuschagne, no run",â€¢,"full at middle stump, swept firmly to backward square",Full,Middle Stump
27.5,"Sundar to Smith, 3 runs",3,"steps out and lofts it over midwicket. Remember, he fell to a soft shot against Sundar in the first innings. No half-measures here, jumps down first ball to a length delivery dipping on leg stump. Goes through with the swing having not made the pitch of it",Good,Leg Stump
27.4,"Sundar to Labuschagne, 1 run",1,"length at off stump, steps out and flicks past short leg",Good,Off Stump
27.3,"Sundar to Labuschagne, FOUR runs",4,oh nicely placed. Short and a bit too wide. Turns in but not enough. He's onto the back foot and chops this past slip,Short,Outside Off
27.2,"Sundar to Labuschagne, no run",â€¢,short of a length and ripping into him. Backs a long way into the leg side for the punch but that gets too big on him,Good,Leg Stump
27.1,"Sundar to Labuschagne, no run",â€¢,"good length, turning in at leg stump. Defended off the back foot",Good,Off Stump
26.6,"Thakur to Labuschagne, 1 run",1,good length and into the stumps. Drops it pitch side with soft hands for the single,Good,Unknown
26.5,"Thakur to Labuschagne, no run",â€¢,"good length and just outside off, left alone",Good,Outside Off
26.4,"Thakur to Labuschagne, no run",â€¢,"good length and wide outside off, left alone",Good,Outside Off
26.3,"Thakur to Labuschagne, no run",â€¢,"short and just outside off, subdued pull into the turf, straight to square leg",Short,Outside Off
26.2,"Thakur to Labuschagne, no run",â€¢,"good length and rising in the corridor, left alone",Good,Outside Off
26.1,"Thakur to Labuschagne, no run",â€¢,"good length at off stump, blocked on the front foot",Good,Off Stump
25.6,"Sundar to Warner, OUT",W,"Warner's been given lbw, trapped deep in the crease! Begins to walk off, then turns around and sneaks in a review. He's shaking his head so he isn't convinced he's safe here. But it might be worth the review. Sundar's got the arm ball to slide on from off and hit Warner's back thigh in front of off stump. He was shaping for the cut, for the one that turns. That's three reds on DRS. It's hitting off and middle and suddenly, the momentum's turned. What a series this is. The lovely little counterpunch from Warner ends. It's Thakur and Sundar bringing India back in again",Unknown,Off Stump
25.5,"Sundar to Warner, no run",â€¢,"good length on off stump, blocked on the front foot",Good,Off Stump
25.4,"Sundar to Warner, no run",â€¢,"length and into the stumps, defended",Good,Unknown
25.3,"Sundar to Warner, 2 runs",2,"past the short extra fielder! There are two catching fielders side-by-side there, and it looks like Warner's hit it between them. A right hand goes up from on of them but this drive is through them",Short,Unknown
25.2,"Sundar to Warner, no run",â€¢,"short of a length just outside off, chopped to backward point",Good,Outside Off
25.1,"Sundar to Warner, no run",â€¢,past the outside edge. Some grip and bounce as this beats Warner's outside edge on the forward block,Unknown,Unknown
24.6,"Thakur to Harris, OUT",W,"gloved behind! Short ball makes the breakthrough. Well directed over middle and leg, Harris tries to sway underneath but leaves his gloves up by his helmet and the ball brushes them through to Pant",Short,Middle Stump
24.5,"Thakur to Warner, 1 run",1,"short of a length, worked around the corner with the bottom hand coming off the bat",Good,Off Stump
24.4,"Thakur to Warner, no run",â€¢,"short again, but much shorter, Warner sways out of the line",Short,Unknown
24.3,"Thakur to Warner, FOUR runs",4,"latches onto the short ball, short on off stump, sees it early and pulls through square leg",Short,Off Stump
24.2,"Thakur to Warner, no run",â€¢,"back of a length at middle and leg, turned to square leg",Good,Middle Stump
24.1,"Thakur to Warner, no run",â€¢,"short of a length down the leg side, Warner looks to flick it away but doesn't make contact",Good,Leg Stump
23.6,"Sundar to Harris, no run",â€¢,full and driven to the on side. Sundar hustles through a maiden,Full,Unknown
23.5,"Sundar to Harris, no run",â€¢,"this one straightens a touch on off stump, defended",Unknown,Off Stump
23.4,"Sundar to Harris, no run",â€¢,forward and defends with bat and pad together,Unknown,Leg Stump
23.3,"Sundar to Harris, no run",â€¢,"length ball outside off, gets forward and leaves alone",Good,Outside Off
23.2,"Sundar to Harris, no run",â€¢,very full and nearly gets a leading edge back to the bowler as he looks to whip into the leg side,Full,Leg Stump
23.1,"Sundar to Harris, no run",â€¢,left alone outside off,Unknown,Outside Off
22.6,"Thakur to Warner, no run",â€¢,"full at off stump, defended to mid-off. Good over",Full,Off Stump
22.5,"Thakur to Warner, no run",â€¢,"a bouncer outside leg stump, 136kph, he ducks underneath",Short,Leg Stump
22.4,"Thakur to Warner, no run",â€¢,"good length outside off, hint of shape back, left alone",Good,Outside Off
22.3,"Thakur to Warner, no run",â€¢,"full at off stump, 138kph, driven to cover",Full,Outside Off
22.2,"Thakur to Harris, 1 run",1,hops back in the crease and tucks a short-of-a-length delivery into midwicket,Good,Unknown
22.1,"Thakur to Warner, 1 run",1,worked off the hip to long leg,Unknown,Off Stump
21.6,"Sundar to Warner, 1 run",1,"drives again and this time beats the short covers, out to the sweeper",Good,Outside Off
21.5,"Sundar to Warner, no run",â€¢,drives to one of the two short covers,Good,Outside Off
21.4,"Sundar to Warner, no run",â€¢,"full at middle and leg, pushed to mid-on",Full,Middle Stump
21.3,"Sundar to Warner, no run",â€¢,"touch shorter, defended on the back foot",Short,Unknown
21.2,"Sundar to Warner, no run",â€¢,"touch of spin outside off, left alone",Unknown,Outside Off
21.1,"Sundar to Warner, no run",â€¢,"full at off stump, defended into midwicket",Full,Off Stump
20.6,"Thakur to Harris, no run",â€¢,"short of a length, defended",Good,Unknown
20.5,"Thakur to Harris, FOUR runs",4,"another cracking drive...gets onto the front foot to a full delivery just outside off, places it wide of mid-off",Full,Outside Off
20.4,"Thakur to Harris, no run",â€¢,"back of a length at off stump, goes for the late cut but he's cramped for room",Good,Off Stump
20.3,"Thakur to Harris, no run",â€¢,"short of a length, tucked into the leg side",Good,Leg Stump
20.2,"Thakur to Warner, 1 run",1,jabs a very full delivery square into the off side,Full,Off Stump
20.1,"Thakur to Warner, no run",â€¢,"beaten again! This zips through outside off, Warner pushing at it. Thakur thought he might have nicked it",Unknown,Outside Off
19.6,"Sundar to Harris, no run",â€¢,"slides on outside off, left alone",Unknown,Outside Off
19.5,"Sundar to Harris, no run",â€¢,"fuller at off stump, gets forward and works to mid-on",Full,Off Stump
19.4,"Sundar to Harris, no run",â€¢,"touch more bounce on this one, left alone",Unknown,Unknown
19.3,"Sundar to Harris, no run",â€¢,"outside off, left alone",Unknown,Outside Off
19.2,"Sundar to Harris, no run",â€¢,"floated up, pushed square on the off side",Unknown,Off Stump
19.1,"Sundar to Warner, 1 run",1,"full at off stump, driven to deep cover",Full,Outside Off
18.6,"Thakur to Harris, no run",â€¢,"on middle, back of a length, defended",Good,Middle Stump
18.5,"Thakur to Harris, no run",â€¢,"short of a length at middle and off, defended",Good,Off Stump
18.4,"Thakur to Harris, 2 runs",2,"super shot, he's played some good ones this morning, onto the front foot and drives on the up into the covers",Good,Outside Off
18.3,"Thakur to Harris, no run",â€¢,"short of a length, outside off, left alone",Good,Outside Off
18.2,"Thakur to Warner, 1 run",1,"fuller at off stump, onto the front foot and pushes into the point area",Full,Outside Off
18.1,"Thakur to Warner, no run",â€¢,"what a ripper! That's unplayable. Short of a length at middle, jags away and climbs past Warner's outside edge",Good,Middle Stump
17.6,"Sundar to Harris, no run",â€¢,defended from off stump,Unknown,Off Stump
17.5,"Sundar to Harris, FOUR runs",4,"lovely batting, superbly played, this slid on with the arm, a very delicate late cut from Harris down to third man. Lead is over 100",Unknown,Unknown
17.4,"Sundar to Harris, no run",â€¢,"outside off, left alone",Unknown,Outside Off
17.3,"Sundar to Harris, no run",â€¢,"short of a length outside off, cut to backward point",Good,Outside Off
17.2,"Sundar to Warner, 3 runs",3,"full at off stump, a strong whip through midwicket, Saini has to chase so a test for that groin. Certainly nowhere near full tilt",Full,Off Stump
17.1,"Sundar to Warner, no run",â€¢,"outside off, left alone",Unknown,Outside Off
16.6,"Thakur to Harris, no run",â€¢,"a beauty! Full at off stump, nips away off the seam to beat the outside edge",Full,Off Stump
16.5,"Thakur to Harris, no run",â€¢,"just outside off, back of a length, a late cut from Harris which goes to gully",Good,Outside Off
16.4,"Thakur to Harris, no run",â€¢,"short of a length, pushed into the off side, no chance of the single",Good,Off Stump
16.3,"Thakur to Harris, no run",â€¢,"outside off, through to the keeper",Unknown,Outside Off
16.2,"Thakur to Harris, no run",â€¢,"angled across, left alone",Unknown,Unknown
16.1,"Thakur to Harris, no run",â€¢,"good length at off stump, defended",Good,Off Stump
15.6,"Sundar to Warner, no run",â€¢,"angled in at middle and off, defended. Nice start",Unknown,Off Stump
15.5,"Sundar to Harris, 1 run",1,"full at off stump, this drive slices off the outer half of the bat to deep cover",Full,Outside Off
15.4,"Sundar to Harris, no run",â€¢,worked into midwicket,Unknown,Unknown
15.3,"Sundar to Harris, no run",â€¢,"this goes straight on, left alone",Unknown,Unknown
15.2,"Sundar to Harris, no run",â€¢,"this turns! Full outside off, Harris goes for a booming drive and is beaten. Bounces as well. Good take from Pant. Harris nearly topples out of is crease. Landed in a footmark",Full,Outside Off
15.1,"Sundar to Warner, 1 run",1,"round the wicket, full and straight, clipped into midwicket",Full,Unknown
14.6,"Siraj to Harris, no run",â€¢,"good length at middle stump, defended from the crease, slices across the shot slightly",Good,Middle Stump
14.5,"Siraj to Harris, no run",â€¢,"fuller at off stump, played into the off side",Full,Off Stump
14.4,"Siraj to Harris, no run",â€¢,"length ball outside off, left alone",Good,Outside Off
14.3,"Siraj to Harris, no run",â€¢,"short of a length at off stump, Harris a little squared up as he defends to point",Good,Outside Off
14.2,"Siraj to Harris, no run",â€¢,"good length at middle and off, 135kph, defended",Good,Off Stump
14.1,"Siraj to Warner, 1 run",1,"full at the pads, tapped into midwicket and again Siraj goes after it himself",Full,Leg Stump
13.6,"Thakur to Harris, no run",â€¢,"short outside off, Harris goes for the pull but it comes off the splice and goes back to the bowler",Short,Outside Off
13.5,"Thakur to Harris, no run",â€¢,"good length at off stump, gets forward and defends to mid-off",Good,Off Stump
13.4,"Thakur to Harris, no run",â€¢,"full outside off, through to the keeper",Full,Outside Off
13.3,"Thakur to Harris, no run",â€¢,"pushed wide outside off, 135kph, left alone",Unknown,Outside Off
13.2,"Thakur to Harris, no run",â€¢,"short again, defended to the on side",Short,Unknown
13.1,"Thakur to Warner, 1 run",1,"short of a length, worked off the hip to deep square leg",Good,Off Stump
12.6,"Siraj to Harris, no run",â€¢,"drags the length back, left alone",Good,Unknown
12.5,"Siraj to Harris, FOUR runs",4,"fantastic shot! He's looking good. Siraj comes round the wicket, goes full outside off, Harris gets onto the front foot and plays the perfect drive wide of mid-off",Full,Outside Off
12.4,"Siraj to Harris, no run",â€¢,"angled across outside off, left alone",Unknown,Outside Off
12.3,"Siraj to Harris, no run",â€¢,"short of a length at leg stump, knocked into midwicket",Good,Leg Stump
12.2,"Siraj to Harris, no run",â€¢,"very full outside off, driven off the toe end to mid-off",Full,Outside Off
12.1,"Siraj to Harris, FOUR runs",4,"short outside off, another excellent shot by Harris, stands tall and square drives at the top of the bounce in front of point",Short,Outside Off
11.6,"Natarajan to Warner, no run",â€¢,"short of a length outside off, holds its line as Warner leaves alone. Productive over for Australia",Good,Outside Off
11.5,"Natarajan to Warner, no run",â€¢,"full at off stump, 130kph, defended on the front foot to mid-off followed by a loud call of ""no run""",Full,Off Stump
11.4,"Natarajan to Harris, 1 run",1,"back of a length outside off, tapped square of the wicket and there's a lot of space with the sweeper out",Good,Outside Off
11.3,"Natarajan to Harris, no run",â€¢,"full at off stump, better line and length, defended to mid-on",Full,Off Stump
11.2,"Natarajan to Harris, FOUR runs",4,"three in a row! Over adjusts his line, short and wide outside off, driven square of the wicket from the back foot. That's trademark Harris",Short,Outside Off
11.1,"Natarajan to Harris, 4 byes",4b,"down the leg side again, doesn't make contact with anything and evades the diving Pant. This moved significantly after pitching",Unknown,Leg Stump
11.1,"Natarajan to Harris, (no ball) FOUR runs",5nb,"lovely piece of timing, angled outside leg stump and Harris clips it strongly behind square...and it's a no-ball",Unknown,Leg Stump
10.6,"Siraj to Warner, no run",â€¢,"full at off stump, finds the middle as he plays it back to the bowler",Full,Off Stump
10.5,"Siraj to Warner, no run",â€¢,"full at middle, defended to mid-on",Full,Middle Stump
10.4,"Siraj to Warner, no run",â€¢,"short of a length outside off, a short-arm jab-pull finds mid-on",Good,Outside Off
10.3,"Siraj to Warner, no run",â€¢,angled across outside off and moves further away as Warner leaves alone,Unknown,Outside Off
10.2,"Siraj to Warner, no run",â€¢,"short of a length at off stump, Warner on his toes and pushes towards point",Good,Outside Off
10.1,"Siraj to Warner, no run",â€¢,"full outside off, allows it to go through",Full,Outside Off
9.6,"Natarajan to Harris, no run",â€¢,"full, wide outside off, left alone. A maiden",Full,Outside Off
9.5,"Natarajan to Harris, no run",â€¢,"full, pushed down the leg side, Harris can't catch up with it",Full,Leg Stump
9.4,"Natarajan to Harris, no run",â€¢,"good area, full outside off, hint of shape and left alone",Full,Outside Off
9.3,"Natarajan to Harris, no run",â€¢,"wider outside off, left alone",Unknown,Outside Off
9.2,"Natarajan to Harris, no run",â€¢,"another edge, but well short of third slip...back of a length at off stump, draws an uncertain push from Harris",Good,Outside Off
9.1,"Natarajan to Harris, no run",â€¢,"full at off stump, defended to mid-on",Full,Off Stump
8.6,"Siraj to Warner, no run",â€¢,"back of a length outside off, left alone",Good,Outside Off
8.5,"Siraj to Warner, 2 runs",2,"short of a length on leg stump, gets inside the line and works into square leg...Siraj chased that himself!",Good,Leg Stump
8.4,"Siraj to Warner, FOUR runs",4,"edged, over second slip! Going Australia's way this morning. This leapt from short of a length outside off, Warner sparred at it and the edge flew just out of reach of a leaping Rohit",Good,Outside Off
8.3,"Siraj to Warner, no run",â€¢,"pushed wider outside the off stump, through to the keeper",Unknown,Outside Off
8.2,"Siraj to Warner, no run",â€¢,"angled across, left alone",Unknown,Unknown
8.1,"Siraj to Warner, no run",â€¢,"full outside off, left alone",Full,Outside Off
7.6,"Natarajan to Harris, no run",â€¢,"drags the length back further outside off, hint of swing, left alone",Good,Outside Off
7.5,"Natarajan to Harris, FOUR runs",4,super shot! Gets forward and punches on the up straight of mid-off...that's textbook from Harris,Unknown,Off Stump
7.4,"Natarajan to Harris, no run",â€¢,"full outside off, gets forward and punches to mid-on",Full,Outside Off
7.3,"Natarajan to Harris, FOUR runs",4,"edged, through the slips! That was an excellent delivery, angled in at off stump then held its line, takes the outside edge but doesn't reach Rohit or Pujara on the full",Full,Outside Off
7.2,"Natarajan to Harris, no run",â€¢,"shorter, 129kph, left alone",Short,Unknown
7.1,"Natarajan to Harris, no run",â€¢,"full outside off, left alone",Full,Outside Off
6.6,"Siraj to Warner, no run",â€¢,"back of a length at middle and off, defended",Good,Off Stump
6.5,"Siraj to Warner, no run",â€¢,"that's a good one...short of a length at middle and off, moves away late to beat the outside edge",Good,Off Stump
6.4,"Siraj to Warner, no run",â€¢,"pulls the length back, outside off, left alone",Good,Outside Off
6.3,"Siraj to Warner, FOUR runs",4,"bang! Warner is away for the day. Long half volley from Siraj, he gets forward and drills it straight of mid-off",Unknown,Off Stump
6.2,"Siraj to Warner, no run",â€¢,"short of a length on off stump, defended towards point",Good,Outside Off
6.1,"Siraj to Warner, no run",â€¢,"beaten first ball! Back of a length, angled across and nips off the seam, Warner feeling for it away from his body",Good,Off Stump
5.6,"Natarajan to Harris, no run",â€¢,"full, swinging away in the corridor, left alone",Full,Outside Off
5.5,"Natarajan to Warner, 1 run",1,"back of a length on middle and off, clipped to the left of wide mid-on/straight midwicket",Good,Outside Off
5.4,"Natarajan to Warner, no run",â€¢,"back of a length, too far outside off to make Warner play. He's getting a lot more swing when his line is wide of off stump, frustratingly for him",Good,Outside Off
5.3,"Natarajan to Warner, no run",â€¢,"length ball close to off stump, a hint of away shape, blocked back to the bowler",Good,Off Stump
5.2,"Natarajan to Warner, no run",â€¢,"length ball on off stump, gets back and across to defend down the pitch",Good,Off Stump
5.1,"Natarajan to Warner, no run",â€¢,"back of a length on off stump, stays leg-side of the ball and defends into the covers",Good,Outside Off
4.6,"Sundar to Harris, no run",â€¢,"once again short and wide, the turn makes Warner check his cut and play it watchfully to backward point",Full,Outside Off
4.5,"Sundar to Harris, no run",â€¢,"flat on middle and off, goes back to block it back to the bowler",Good,Off Stump
4.4,"Sundar to Warner, 3 runs",3,"once again short, closer to off stump this time, and Warner leans back to late-cut fine of backward point",Short,Outside Off
4.3,"Sundar to Warner, no run",â€¢,"short, spinning away into a wide line, reaches out and chops to backward point",Short,Outside Off
4.2,"Sundar to Warner, no run",â€¢,"a little slower, angling into middle and off, stretches out to block into the on side",Unknown,Off Stump
4.1,"Sundar to Warner, no run",â€¢,"flat length ball on off stump, blocked back down the pitch",Good,Off Stump
3.6,"Natarajan to Warner, 3 runs",3,"ooh, good ball. Full, swinging away in the fifth-stump channel. It's full enough to make Warner want to drive through the covers, but he doesn't get a front-foot stride in, and ends up slicing it wide of gully",Full,Outside Off
3.5,"Natarajan to Warner, no run",â€¢,"full, angling down leg, can't put bat to ball as he looks to tickle it away",Full,Leg Stump
3.4,"Natarajan to Harris, 1 run",1,"fullish, angling into middle stump, clipped to the left of square leg",Full,Middle Stump
3.3,"Natarajan to Harris, no run",â€¢,"shortish, angling into the hip, clipped watchfully to square leg",Full,Leg Stump
3.2,"Natarajan to Harris, no run",â€¢,"length ball straightening towards off stump, good stride forward to block into the on side of the pitch",Good,Off Stump
3.1,"Natarajan to Harris, no run",â€¢,"length ball, curling away in the fifth-stump channel, left alone",Good,Unknown
2.6,"Siraj to Warner, no run",â€¢,"back of a length, angling into off stump, defended to midwicket",Good,Off Stump
2.5,"Siraj to Warner, FOUR runs",4,"hat-trick of fours. Short, just outside off, but that's enough width for Warner, deft hands to cut it between gully and point",Short,Outside Off
2.4,"Siraj to Warner, FOUR runs",4,"shot. Length ball close to off stump, and he gets his weight forward, moving into a firm push to the left of mid-off",Good,Off Stump
2.3,"Siraj to Warner, FOUR runs",4,"just a touch short on off stump, and Warner pounces, meeting the ball well in front of his body to pull wide of mid-on",Good,Outside Off
2.2,"Siraj to Warner, no run",â€¢,"and again, good line if you're looking to play on the patience of a team that wants to force a win. Pitching just outside off and continuing to slant away, asking the batsman if he wants to drive away from his body. Left alone",Unknown,Outside Off
2.1,"Siraj to Warner, no run",â€¢,"length ball, pitching on or around off and slanting away, left alone",Good,Off Stump
1.6,"Natarajan to Harris, no run",â€¢,"back of a length outside off, left alone. Some swing on this one too",Good,Outside Off
1.5,"Natarajan to Warner, 1 run",1,"full, fifth-stump line, a bit of swing, Warner gets a big stride out and pushes into the covers. Thakur runs to his right from extra-cover/wide mid-off, picks up, spins, and throws at the non-striker's end, and a direct hit could have had the diving Warner in trouble. Nervy-looking single",Full,Outside Off
1.4,"Natarajan to Warner, no run",â€¢,"too wide once again. Impressive swing and carry, but he's not found his radar yet",Unknown,Outside Off
1.3,"Natarajan to Warner, no run",â€¢,and again. He needs to get closer to off stump to get that swing to bother Warner,Unknown,Off Stump
1.2,"Natarajan to Warner, no run",â€¢,"and again, swing away from the left-hander, but the initial line is a little too wide to make him play",Unknown,Outside Off
1.1,"Natarajan to Warner, no run",â€¢,"Fullish, finds some swing away from Warner, but starts too wide to make him play. Similar start to the first innings",Full,Outside Off
0.6,"Siraj to Harris, no run",â€¢,"length ball angling away from off stump, left alone",Good,Off Stump
0.5,"Siraj to Harris, no run",â€¢,"full, down the leg side, can't connect with the flick",Full,Leg Stump
0.4,"Siraj to Harris, no run",â€¢,"fuller now, slanting into a wide-ish line outside off, inviting the drive. Left alone",Full,Outside Off
0.3,"Siraj to Harris, no run",â€¢,"back of a length on off stump, defended to short cover",Good,Outside Off
0.2,"Siraj to Harris, no run",â€¢,"back of a length, angling across to off stump, hops across and defends into the on side",Good,Off Stump
0.1,"Siraj to Harris, no run",â€¢,"full, slanting away from off stump, left alone",Full,Off Stump
